CODMES_COSECHA,MONTO,PROVISION,pdponderado
202509,791027717.560000,7965456.2956,0.020786
202508,700128894.560000,7128501.3405,0.022046
202507,696182657.390000,6967694.6539,0.021092
202506,823845167.620000,8294256.1962,0.020243
202505,657377084.080000,6581680.2016,0.019455
202504,620376240.630000,6293847.0356,0.023864
202503,676592405.890000,6842063.1317,0.023521
202502,689166020.510000,6893401.6656,0.022133
202501,723059932.750000,7270167.7804,0.020711
